Code,METS,Major Heading,Activity Description,Preferred Intensity Match,Tolerance Match,Social Context
01003,14,Bicycling,"Bicycling, mountain, uphill, vigorous",High Preference,High Tolerance Match,No Preference
01004,16,Bicycling,"Bicycling, mountain, competitive racing",High Preference,High Tolerance Match,Social
01008,8.5,Bicycling,"Bicycling, BMX",High Preference,High Tolerance Match,No Preference
01009,8.5,Bicycling,"Bicycling, mountain, general",High Preference,High Tolerance Match,No Preference
01010,4,Bicycling,"Bicycling, <10 mph, leisure, to work or for pleasure (Taylor Code 115)",Moderate Preference,Moderate Tolerance Match,No Preference
01011,6.8,Bicycling,"Bicycling, to/from work, self selected pace",High Preference,High Tolerance Match,No Preference
01013,5.8,Bicycling,"Bicycling, on dirt or farm road, moderate pace",Moderate Preference,Moderate Tolerance Match,No Preference
01014,7,Bicycling,"Bicycling, general",High Preference,High Tolerance Match,No Preference
01015,4.3,Bicycling,"Bicycling, self-selected easy pace",Moderate Preference,Moderate Tolerance Match,Solo
01016,7,Bicycling,"Bicycling, self-selected moderate pace",High Preference,High Tolerance Match,Solo
01017,9,Bicycling,"Bicycling, self-selected vigorous pace",High Preference,High Tolerance Match,Solo
01018,3.5,Bicycling,"Bicycling, leisure 5.5 mph",Moderate Preference,Moderate Tolerance Match,No Preference
01019,5.8,Bicycling,"Bicycling, leisure, 9.4 mph",Moderate Preference,Moderate Tolerance Match,No Preference
01020,6.8,Bicycling,"Bicycling, 10-11.9 mph, leisure, slow, light effort",High Preference,High Tolerance Match,No Preference
01030,8,Bicycling,"Bicycling, 12-13.9 mph, leisure, moderate effort",High Preference,High Tolerance Match,No Preference
01040,10,Bicycling,"Bicycling, 14-15.9 mph, racing or leisure, fast, vigorous effort",High Preference,High Tolerance Match,Social
01050,12,Bicycling,"Bicycling, 16-19 mph, racing/not drafting or >19 mph drafting, very fast, racing general",High Preference,High Tolerance Match,Social
01060,16.8,Bicycling,"Bicycling, >20 mph, racing, not drafting",High Preference,High Tolerance Match,Social
01065,8.5,Bicycling,"Bicycling, 12 mph, seated, hands on brake hoods or bar drops, 80 rpm",High Preference,High Tolerance Match,No Preference
01066,9,Bicycling,"Bicycling, 12 mph, standing, hands on brake hoods, 60 rpm",High Preference,High Tolerance Match,No Preference
01070,5,Bicycling,Unicycling,Moderate Preference,Moderate Tolerance Match,No Preference
01080,6.8,Bicycling,E-bike (electrically assisted) without electronic support,High Preference,High Tolerance Match,No Preference
01084,6,Bicycling,E-bike (electrically assisted) with light electronic support,High Preference,High Tolerance Match,No Preference
01088,4,Bicycling,E-bike (electrically assisted) with high electronic support,Moderate Preference,Moderate Tolerance Match,No Preference
01200,6.8,Bicycling,"Bicycling, stationary, general",High Preference,High Tolerance Match,Solo
01210,3.5,Bicycling,"Bicycling, stationary, 25-30 watts, very light to light effort",Moderate Preference,Moderate Tolerance Match,Solo
01214,4,Bicycling,"Bicycling, stationary, 50 watts, light effort",Moderate Preference,Moderate Tolerance Match,Solo
01216,5,Bicycling,"Bicycling, stationary, 60 watts, light to moderate effort",Moderate Preference,Moderate Tolerance Match,Solo
01218,5.8,Bicycling,"Bicycling, stationary, 70-80 watts",Moderate Preference,Moderate Tolerance Match,Solo
01220,6,Bicycling,"Bicycling, stationary, 90-100 watts, moderate to vigorous",High Preference,High Tolerance Match,Solo
01224,6.8,Bicycling,"Bicycling, stationary, 101-125 watts",High Preference,High Tolerance Match,Solo
01228,8,Bicycling,"Bicycling, stationary, 126-150 watts",High Preference,High Tolerance Match,Solo
01232,10.3,Bicycling,"Bicycling, stationary, 151-199 watts",High Preference,High Tolerance Match,Solo
01236,10.8,Bicycling,"Bicycling, stationary, 200-229 watts, vigorous",High Preference,High Tolerance Match,Solo
01240,12.5,Bicycling,"Bicycling, stationary, 230-250 watts, very vigorous",High Preference,High Tolerance Match,Solo
01244,13.8,Bicycling,"Bicycling, stationary, 270-305 watts, very vigorous",High Preference,High Tolerance Match,Solo
01248,16.3,Bicycling,"Bicycling, stationary, >325 watts, very vigorous",High Preference,High Tolerance Match,Solo
01252,5.5,Bicycling,"Bicycling, concentric only, 100 W",Moderate Preference,Moderate Tolerance Match,No Preference
01254,11,Bicycling,"Bicycling, concentric only, 200 W",High Preference,High Tolerance Match,No Preference
01262,2.3,Bicycling,"Bicycling, eccentric only, 100 to 149 W",Low Preference,Low Tolerance Match,No Preference
01305,8.8,Bicycling,"Bicycling, high intensity interval training",High Preference,High Tolerance Match,No Preference
02000,7.3,Conditioning Exercise,"Aerobic, general",High Preference,High Tolerance Match,No Preference
02001,5.5,Conditioning Exercise,"Aerobic, step, with 4-inch step",Moderate Preference,Moderate Tolerance Match,No Preference
02002,7.3,Conditioning Exercise,"Aerobic, step, with 6 – 8 inch step",High Preference,High Tolerance Match,No Preference
02003,9,Conditioning Exercise,"Aerobic, step, with 10 – 12 inch step",High Preference,High Tolerance Match,No Preference
02004,7.8,Conditioning Exercise,"Bench step class, general",High Preference,High Tolerance Match,Social
02005,4.8,Conditioning Exercise,"Aerobic dance, low impact, moderate effort",Moderate Preference,Moderate Tolerance Match,No Preference
02006,8,Conditioning Exercise,"Aerobic dance, high impact, vigorous effort",High Preference,High Tolerance Match,No Preference
02007,10,Conditioning Exercise,Aerobic dance wearing 10-15 lb weights,High Preference,High Tolerance Match,No Preference
02008,5,Conditioning Exercise,"Army type obstacle course exercise, boot camp training program",Moderate Preference,Moderate Tolerance Match,No Preference
02020,7.5,Conditioning Exercise,"Calisthenics (e.g., pushups, sit ups, pull-ups, jumping jacks, burpees, battling ropes), vigorous effort",High Preference,High Tolerance Match,No Preference
02022,3.8,Conditioning Exercise,"Calisthenics (e.g., pushups, sit ups, pull-ups, lunges), moderate effort",Moderate Preference,Moderate Tolerance Match,No Preference
02024,2.8,Conditioning Exercise,"Calisthenics (e.g., curl ups, abdominal crunches, plank), light effort",Low Preference,Low Tolerance Match,No Preference
02030,3.5,Conditioning Exercise,"Calisthenics, light or moderate effort, general (e.g., back exercises), going up & down from floor (Taylor Code 150)",Moderate Preference,Moderate Tolerance Match,No Preference
02032,6,Conditioning Exercise,"Circuit training, body weight exercises",High Preference,High Tolerance Match,No Preference
02034,3.5,Conditioning Exercise,"Circuit training, light effort",Moderate Preference,Moderate Tolerance Match,No Preference
02035,5,Conditioning Exercise,"Circuit training, moderate effort",Moderate Preference,Moderate Tolerance Match,No Preference
02040,7.5,Conditioning Exercise,"Circuit training, including kettlebells, some aerobic movement with minimal rest, general, vigorous intensity",High Preference,High Tolerance Match,No Preference
02045,3.5,Conditioning Exercise,Curves™ exercise routines in women,Moderate Preference,Moderate Tolerance Match,No Preference
02048,5,Conditioning Exercise,"Elliptical trainer, moderate effort",Moderate Preference,Moderate Tolerance Match,No Preference
02049,9,Conditioning Exercise,"Elliptical trainer, vigorous effort",High Preference,High Tolerance Match,No Preference
02050,6,Conditioning Exercise,,High Preference,High Tolerance Match,No Preference
02052,5,Conditioning Exercise,"Resistance (weight) training, squats, deadlift, slow or explosive effort",Moderate Preference,Moderate Tolerance Match,No Preference
02054,3.5,Conditioning Exercise,"Resistance (weight) training, multiple exercises, 8-15 reps at varied resistance",Moderate Preference,Moderate Tolerance Match,No Preference
02055,5.8,Conditioning Exercise,"Resistance Training, circuit, reciprocol supersets, peripheral hear action training",Moderate Preference,Moderate Tolerance Match,No Preference
02056,3,Conditioning Exercise,"Body weight resistance exercises (e.g., squat, lunge, push-up, crunch), general",Moderate Preference,Moderate Tolerance Match,No Preference
02057,6.5,Conditioning Exercise,"Body weight resistance exercises (e.g., squat, lunge, push-up, crunch), high intensity",High Preference,High Tolerance Match,No Preference
02058,9.8,Conditioning Exercise,Kettle bell swings,High Preference,High Tolerance Match,No Preference
02060,5.5,Conditioning Exercise,"Health club exercise, general (Taylor Code 160)",Moderate Preference,Moderate Tolerance Match,No Preference
02061,5,Conditioning Exercise,"Health club exercise classes general, gym/weight training combined in one visit",Moderate Preference,Moderate Tolerance Match,Social
02062,7.8,Conditioning Exercise,"Health club exercise, conditioning classes",High Preference,High Tolerance Match,Social
02064,3.8,Conditioning Exercise,"Home exercise, general",Moderate Preference,Moderate Tolerance Match,Solo
02065,9.3,Conditioning Exercise,"Stair treadmill ergometer, general",High Preference,High Tolerance Match,Solo
02068,11,Conditioning Exercise,"Rope skipping exercise, general",High Preference,High Tolerance Match,No Preference
02069,9,Conditioning Exercise,"Jumping rope, Digi-Jump Maching, 120 jumps/minute",High Preference,High Tolerance Match,No Preference
02070,7.3,Conditioning Exercise,"Rowing, stationary ergometer, general, vigorous effort",High Preference,High Tolerance Match,Solo
02071,5,Conditioning Exercise,"Rowing, stationary ergometer, general, <100 watts, moderate effort",Moderate Preference,Moderate Tolerance Match,Solo
02084,18,Conditioning Exercise,"Ski ergometer, cross country, double poling, fast to maximum speed",High Preference,High Tolerance Match,Solo
02085,10.5,Conditioning Exercise,"Slide board exercise, general",High Preference,High Tolerance Match,No Preference
02090,6,Conditioning Exercise,"Slimnastics, jazzercise",High Preference,High Tolerance Match,No Preference
02101,2.3,Conditioning Exercise,"Stretching, mild",Low Preference,Low Tolerance Match,No Preference
02103,1.8,Conditioning Exercise,"Pilates, traditional, mat",Low Preference,Low Tolerance Match,No Preference
02105,2.8,Conditioning Exercise,"Pilates, general",Low Preference,Low Tolerance Match,No Preference
02107,8.5,Conditioning Exercise,"Pound, combination of Pilates and body movements with drumming",High Preference,High Tolerance Match,No Preference
02108,4.5,Conditioning Exercise,"Pole dancing, exercise class",Moderate Preference,Moderate Tolerance Match,Social
02110,6.8,Conditioning Exercise,"Teaching exercise classes (e.g., aerobic, water)",High Preference,High Tolerance Match,Social
02112,2.8,Conditioning Exercise,"Therapeutic exercise ball, Fitball exercise",Low Preference,Low Tolerance Match,No Preference
02114,9.5,Conditioning Exercise,"Therapeutic exercise ball, Fitball exercise, high intensity",High Preference,High Tolerance Match,No Preference
02115,2.8,Conditioning Exercise,"Upper body exercise, arm ergometer, general, light",Low Preference,Low Tolerance Match,Solo
02116,2,Conditioning Exercise,"Arm Ergometer, hand bike, 15W",Low Preference,Low Tolerance Match,Solo
02117,2.8,Conditioning Exercise,"Arm Ergometer, hand bike, 25-30W",Low Preference,Low Tolerance Match,Solo
02118,3.5,Conditioning Exercise,"Arm Ergometer, hand bike, 45W",Moderate Preference,Moderate Tolerance Match,Solo
02119,4.3,Conditioning Exercise,"Upper body exercise, stationary bicycle - Airdyne (arms only) 40 rpm, moderate intensity",Moderate Preference,Moderate Tolerance Match,Solo
02120,5.3,Conditioning Exercise,"Water aerobics, water calisthenics, water exercise",Moderate Preference,Moderate Tolerance Match,No Preference
02135,1.3,Conditioning Exercise,"Whirlpool, sitting",Low Preference,Low Tolerance Match,No Preference
02140,2.5,Conditioning Exercise,"Video, exercise workouts, TV conditioning programs (e.g., yoga, stretching, seated), light effort",Low Preference,Low Tolerance Match,No Preference
02143,4,Conditioning Exercise,"Video, exercise workouts, TV conditioning programs (e.g., cardio-resistance training), moderate",Moderate Preference,Moderate Tolerance Match,No Preference
02145,6,Conditioning Exercise,"Video, exercise workouts, TV conditioning programs (e.g., cardio-resistance training), vigorous",High Preference,High Tolerance Match,No Preference
02150,2.3,Conditioning Exercise,"Yoga, Hatha",Low Preference,Low Tolerance Match,No Preference
02153,8,Conditioning Exercise,"Yoga, Hatha, high intensity",High Preference,High Tolerance Match,No Preference
02155,3,Conditioning Exercise,"Yoga, Hot",Moderate Preference,Moderate Tolerance Match,No Preference
02160,4,Conditioning Exercise,"Yoga, Power",Moderate Preference,Moderate Tolerance Match,No Preference
02170,2,Conditioning Exercise,"Yoga, Nadisodhana",Low Preference,Low Tolerance Match,No Preference
02175,2.3,Conditioning Exercise,"Yoga, General",Low Preference,Low Tolerance Match,No Preference
02180,3.5,Conditioning Exercise,"Yoga, Surya Namaskar",Moderate Preference,Moderate Tolerance Match,No Preference
02185,2.7,Conditioning Exercise,"Yoga, Vinyasa",Low Preference,Low Tolerance Match,No Preference
02200,5.3,Conditioning Exercise,"Native New Zealander PA, (e.g., Haka Powhiri, Poi, Moteatea, etc.), general moderate effort",Moderate Preference,Moderate Tolerance Match,No Preference
02205,6.8,Conditioning Exercise,"Native New Zealander PA, general, vigorous effort",High Preference,High Tolerance Match,No Preference
02210,7,Conditioning Exercise,"High intensity interval exercise, moderate effort",High Preference,High Tolerance Match,No Preference
02214,11,Conditioning Exercise,"High intensity interval exercise, burpees, mountain climbers, squat jumps, Tabata, vigorous effort",High Preference,High Tolerance Match,No Preference
02225,2.3,Conditioning Exercise,"Balance Exercise Assist Robot (BEAR), simulated skiing, tennis, rodeo",Low Preference,Low Tolerance Match,Social
02230,5.8,Conditioning Exercise,Hooping (formerly known as hula® hooping),Moderate Preference,Moderate Tolerance Match,No Preference
02240,9,Conditioning Exercise,"Impulse Training System, Inertial Exercise Trainer",High Preference,High Tolerance Match,No Preference
03031,9.8,Dancing,"Nightclub or folk dancing, vigorous effort (e.g., nightclub, disco, folk, line dancing, Irish step dancing, polka, contra)",High Preference,High Tolerance Match,No Preference
03033,5,Dancing,"Folk dancing, moderate effort",Moderate Preference,Moderate Tolerance Match,No Preference
03038,11.3,Dancing,"Ballroom dancing, competitive, general",High Preference,High Tolerance Match,Social
03039,13,Dancing,,High Preference,High Tolerance Match,No Preference
03040,3,Dancing,"Ballroom, slow, examples: waltz, foxtrot, slow dancing, samba tango, rumba, 19th century dance, mambo, cha cha",Moderate Preference,Moderate Tolerance Match,Social
03042,6,Dancing,"Ballroom Dance, Recreational (Waltz, Foxtrot, Cha-cha, Swing)",High Preference,High Tolerance Match,Social
03050,5.5,Dancing,"Anishinaabe Jingle dancing, brisk pace, other traditional American Indian dancing performed by women, moderate effort",Moderate Preference,Moderate Tolerance Match,No Preference
03060,3.5,Dancing,,Moderate Preference,Moderate Tolerance Match,No Preference
03070,3.8,Dancing,"Contemporary dancing, general",Moderate Preference,Moderate Tolerance Match,No Preference
03072,4.3,Dancing,"Contemporary dancing, nightclub",Moderate Preference,Moderate Tolerance Match,No Preference
03075,8.5,Dancing,Flamenco dance,High Preference,High Tolerance Match,No Preference
03078,4.5,Dancing,"Jazz dancing, general",Moderate Preference,Moderate Tolerance Match,No Preference
03080,10.3,Dancing,"Musical Theater, Singing/dancing",High Preference,High Tolerance Match,No Preference
03085,5.8,Dancing,"Polynesian dance, Hawaiian hula slow, Maori haka, Tongan",Moderate Preference,Moderate Tolerance Match,No Preference
03086,7,Dancing,"Polynesian dance, Hawaiian hula fast, Samoan sasa, Fijian style fast, Filipino Tinikling",High Preference,High Tolerance Match,No Preference
03087,8.8,Dancing,"Polynesian dance, Samoan slap, Tahitian",High Preference,High Tolerance Match,No Preference
03090,4.8,Dancing,"Salsa Dancing, with partner",Moderate Preference,Moderate Tolerance Match,Social
03091,6.3,Dancing,"Salsa dancing, to a video",High Preference,High Tolerance Match,No Preference
04050,6,Fishing & Hunting,"Fishing in stream, in waders (Taylor Code 670)",High Preference,High Tolerance Match,No Preference
04060,2,Fishing & Hunting,"Fishing, ice, sitting",Low Preference,Low Tolerance Match,No Preference
04061,1.8,Fishing & Hunting,"Fishing, jig or line, standing, general",Low Preference,Low Tolerance Match,No Preference
04062,3.5,Fishing & Hunting,"Fishing, dip net, setting net and retrieving fish, general",Moderate Preference,Moderate Tolerance Match,No Preference
04063,3.8,Fishing & Hunting,"Fishing, set net, setting net and retrieving fish, general",Moderate Preference,Moderate Tolerance Match,No Preference
04064,3,Fishing & Hunting,"Fishing, fishing wheel, setting net and retrieving fish, general",Moderate Preference,Moderate Tolerance Match,No Preference
04065,2.3,Fishing & Hunting,"Fishing with a spear, standing",Low Preference,Low Tolerance Match,No Preference
04070,2.5,Fishing & Hunting,"Hunting, bow and arrow or crossbow",Low Preference,Low Tolerance Match,No Preference
04080,6,Fishing & Hunting,"Hunting, deer, elk, large game (Taylor Code 170)",High Preference,High Tolerance Match,No Preference
04081,9.8,Fishing & Hunting,"Hunting large game, dragging carcass",High Preference,High Tolerance Match,No Preference
04083,4,Fishing & Hunting,Hunting large marine animals,Moderate Preference,Moderate Tolerance Match,No Preference
04085,2.5,Fishing & Hunting,"Hunting, large game from a hunting stand, limited walking",Low Preference,Low Tolerance Match,No Preference
04086,2,Fishing & Hunting,"Hunting large game from a car, plane, or boat",Low Preference,Low Tolerance Match,No Preference
04090,2.5,Fishing & Hunting,"Hunting, duck, wading",Low Preference,Low Tolerance Match,No Preference
04095,3,Fishing & Hunting,"Hunting flying fox, squirrel",Moderate Preference,Moderate Tolerance Match,No Preference
04100,5,Fishing & Hunting,"Hunting, general",Moderate Preference,Moderate Tolerance Match,No Preference
04110,6,Fishing & Hunting,"Hunting, pheasants or grouse (Taylor Code 680)",High Preference,High Tolerance Match,No Preference
04115,3.3,Fishing & Hunting,Hunting birds,Moderate Preference,Moderate Tolerance Match,No Preference
04120,5,Fishing & Hunting,"Hunting, rabbit, squirrel, prairie chick, raccoon, small game (Taylor Code 690)",Moderate Preference,Moderate Tolerance Match,No Preference
04123,3.3,Fishing & Hunting,"Hunting pigs, wild",Moderate Preference,Moderate Tolerance Match,No Preference
04124,2,Fishing & Hunting,"Trapping game, general",Low Preference,Low Tolerance Match,No Preference
04125,9.5,Fishing & Hunting,Hunting - hiking with hunting gear,High Preference,High Tolerance Match,No Preference
04130,2.5,Fishing & Hunting,"Pistol shooting or trap shooting, standing",Low Preference,Low Tolerance Match,No Preference
04140,2.3,Fishing & Hunting,"Rifle exercises, shooting, lying down",Low Preference,Low Tolerance Match,No Preference
04145,2.5,Fishing & Hunting,"Rifle exercises, shooting, kneeling or standing",Low Preference,Low Tolerance Match,No Preference
04150,2.8,Fishing & Hunting,"Foraging, 0-9.9kg backpack",Low Preference,Low Tolerance Match,No Preference
04152,3,Fishing & Hunting,"Foraging, 10-15kg backpack",Moderate Preference,Moderate Tolerance Match,No Preference
04160,1,Fishing & Hunting,"Sitting in boat, passenger",Low Preference,Low Tolerance Match,No Preference
04164,1.5,Fishing & Hunting,Standing in boat,Low Preference,Low Tolerance Match,No Preference
04168,3.3,Fishing & Hunting,"Activities in a boat, lifting, lowering",Moderate Preference,Moderate Tolerance Match,No Preference
05010,3.3,Home Activities,"Cleaning, sweeping carpet or floors, general",Moderate Preference,Moderate Tolerance Match,Solo
05011,2.3,Home Activities,"Cleaning, sweeping, slow, light effort",Low Preference,Low Tolerance Match,Solo
05012,3.8,Home Activities,"Cleaning, sweeping, fast, moderate effort",Moderate Preference,Moderate Tolerance Match,Solo
05020,3.5,Home Activities,"Cleaning heavy or major (e.g., wash car, clean garage), moderate effort",Moderate Preference,Moderate Tolerance Match,Solo
05040,2.5,Home Activities,"Cleaning, general (straightening up, changing linen, carrying out trash), light effort",Low Preference,Low Tolerance Match,Solo
05041,2,Home Activities,"Wash dishes, standing or in general (not broken into stand/walk components)",Low Preference,Low Tolerance Match,Solo
05042,2,Home Activities,"Wash dishes, clearing dishes from table, walking, light effort",Low Preference,Low Tolerance Match,No Preference
05043,3,Home Activities,"Vacuuming, general, moderate effort",Moderate Preference,Moderate Tolerance Match,Solo
05044,3,Home Activities,"Butchering animals, small",Moderate Preference,Moderate Tolerance Match,Solo
05045,6,Home Activities,"Butchering animals, large, vigorous effort",High Preference,High Tolerance Match,Solo
05046,2.3,Home Activities,"Cutting and smoking fish, drying fish or meat",Low Preference,Low Tolerance Match,Solo
05048,4,Home Activities,"Tanning hides, general",Moderate Preference,Moderate Tolerance Match,Solo
05049,3.5,Home Activities,"Cooking or food preparation, moderate effort",Moderate Preference,Moderate Tolerance Match,Solo
05050,2,Home Activities,,Low Preference,Low Tolerance Match,No Preference
05051,2.3,Home Activities,"Cooking or food preparation, walking",Low Preference,Low Tolerance Match,No Preference
05052,2.3,Home Activities,"Serving food, setting/cleaning table, implied walking or standing",Low Preference,Low Tolerance Match,No Preference
05053,2.5,Home Activities,Feeding household animals,Low Preference,Low Tolerance Match,Solo
05054,3.5,Home Activities,"carrying groceries, on level ground, walking",Moderate Preference,Moderate Tolerance Match,No Preference
05055,2.5,Home Activities,"Putting away groceries (e.g. carrying groceries, carrying packages)",Low Preference,Low Tolerance Match,Solo
05056,5.3,Home Activities,Carrying groceries upstairs,Moderate Preference,Moderate Tolerance Match,Solo
05057,3,Home Activities,Cooking Indian bread or other food on an outside stove,Moderate Preference,Moderate Tolerance Match,Solo
05060,3.3,Home Activities,Food shopping with or without a grocery cart; carrying a 10 lb bag; standing or walking,Moderate Preference,Moderate Tolerance Match,No Preference
05065,2.3,Home Activities,"Non-food shopping, with or without cart, standing or walking",Low Preference,Low Tolerance Match,No Preference
05070,1.8,Home Activities,Ironing,Low Preference,Low Tolerance Match,Solo
05080,1.3,Home Activities,"Knitting, sewing, light effort, wrapping presents, sitting",Low Preference,Low Tolerance Match,Solo
05082,2.8,Home Activities,Sewing with a machine,Low Preference,Low Tolerance Match,Solo
05090,2.3,Home Activities,,Low Preference,Low Tolerance Match,No Preference
05091,2,Home Activities,"Laundry, fold or hang clothes, sitting",Low Preference,Low Tolerance Match,Solo
05092,4,Home Activities,"Laundry, moderate effort",Moderate Preference,Moderate Tolerance Match,Solo
05095,2,Home Activities,"Laundry, putting away clothes, gathering clothes to pack, putting away laundry, implied walking",Low Preference,Low Tolerance Match,No Preference
05100,3,Home Activities,"Making bed, changing linens",Moderate Preference,Moderate Tolerance Match,Solo
05110,5,Home Activities,"Maple syruping/sugar bushing (including carrying buckets, carrying wood)",Moderate Preference,Moderate Tolerance Match,Solo
05120,5.8,Home Activities,"Moving furniture, household items, carrying boxes",Moderate Preference,Moderate Tolerance Match,Solo
05121,5,Home Activities,"Moving, lifting light loads",Moderate Preference,Moderate Tolerance Match,Solo
06050,6,Home Repair,"Carpentry, outside house, (Taylor Code 640)",High Preference,High Tolerance Match,Solo
06052,3.8,Home Repair,"Carpentry, outside house, building a fence",Moderate Preference,Moderate Tolerance Match,Solo
06160,3.3,Home Repair,"Painting inside house, wallpapering, scraping paint",Moderate Preference,Moderate Tolerance Match,Solo
06165,4.5,Home Repair,Painting (Taylor Code 630),Moderate Preference,Moderate Tolerance Match,Solo
06167,3,Home Repair,"Plumbing, general",Moderate Preference,Moderate Tolerance Match,Solo
06170,3,Home Repair,Put on and removal of tarp – sailboat,Moderate Preference,Moderate Tolerance Match,Solo
06180,6,Home Repair,Roofing,High Preference,High Tolerance Match,Solo
06190,4.5,Home Repair,Sanding floors with a power sander,Moderate Preference,Moderate Tolerance Match,Solo
06200,4.5,Home Repair,Scraping and painting sailboat or powerboat,Moderate Preference,Moderate Tolerance Match,Solo
06205,2,Home Repair,Sharpening tools,Low Preference,Low Tolerance Match,Solo
06210,5,Home Repair,Spreading dirt with a shovel,Moderate Preference,Moderate Tolerance Match,Solo
06220,4.5,Home Repair,Washing and waxing hull of sailboat or airplane,Moderate Preference,Moderate Tolerance Match,Solo
06225,2,Home Repair,Washing and waxing car,Low Preference,Low Tolerance Match,Solo
06230,4.5,Home Repair,"Washing fence, painting fence, moderate effort",Moderate Preference,Moderate Tolerance Match,Solo
06240,3.3,Home Repair,"Wiring, tapping-splicing",Moderate Preference,Moderate Tolerance Match,Solo
07009,1,Inactivity,Lying quietly and watching television,Low Preference,Low Tolerance Match,Solo
07011,1,Inactivity,"Lying quietly, doing nothing, lying in bed awake, listening to music (not talking or reading)",Low Preference,Low Tolerance Match,Solo
07020,1,Inactivity,"Sit, watch television",Low Preference,Low Tolerance Match,No Preference
07021,1,Inactivity,"Sitting quietly, general",Low Preference,Low Tolerance Match,Solo
07022,1.5,Inactivity,"Sitting quietly, fidgeting, general, fidgeting hands",Low Preference,Low Tolerance Match,Solo
07023,1.8,Inactivity,"Sitting, fidget feet",Low Preference,Low Tolerance Match,No Preference
07024,1.3,Inactivity,Sitting smoking,Low Preference,Low Tolerance Match,No Preference
07025,1.5,Inactivity,"Sitting, listening to music (not talking or reading) or watching a movie in a theater",Low Preference,Low Tolerance Match,Solo
07026,1.3,Inactivity,"Sitting at a desk, resting head in hands",Low Preference,Low Tolerance Match,No Preference
07030,1,Inactivity,Sleeping,Low Preference,Low Tolerance Match,No Preference
07040,1.3,Inactivity,Standing quietly (standing in a line),Low Preference,Low Tolerance Match,No Preference
07045,1.3,Inactivity,Standing watching television,Low Preference,Low Tolerance Match,No Preference
07050,1.5,Inactivity,"Reclining, writing",Low Preference,Low Tolerance Match,No Preference
07060,1.3,Inactivity,"Reclining, talking or talking on phone",Low Preference,Low Tolerance Match,No Preference
07070,1.3,Inactivity,"Reclining, reading",Low Preference,Low Tolerance Match,Solo
07075,1,Inactivity,Meditating,Low Preference,Low Tolerance Match,No Preference
08009,4.1,Lawn & Garden,"Carrying, loading or stacking wood, loading/unloading or carrying lumber, light-to- moderate effort",Moderate Preference,Moderate Tolerance Match,No Preference
08010,5.5,Lawn & Garden,"Carrying, loading or stacking wood, loading/unloading or carrying lumber, moderate effort",Moderate Preference,Moderate Tolerance Match,No Preference
08019,4.5,Lawn & Garden,"Chopping wood, splitting logs, moderate effort",Moderate Preference,Moderate Tolerance Match,No Preference
08020,6.5,Lawn & Garden,"Chopping wood, splitting logs, vigorous effort",High Preference,High Tolerance Match,No Preference
08025,3.5,Lawn & Garden,"Clearing light brush, thinning garden, moderate effort",Moderate Preference,Moderate Tolerance Match,No Preference
08030,6.3,Lawn & Garden,"Clearing land, haul brush, undergrowth, or ground, vigorous effort",High Preference,High Tolerance Match,No Preference
08040,5,Lawn & Garden,"Digging sandbox, shoveling sand",Moderate Preference,Moderate Tolerance Match,Solo
08045,3.5,Lawn & Garden,"Digging, spading, filling garden, composting, light-to-moderate effort",Moderate Preference,Moderate Tolerance Match,No Preference
08050,5,Lawn & Garden,"Digging, spading, filling garden, composting (Taylor Code 590)",Moderate Preference,Moderate Tolerance Match,No Preference
08052,7.3,Lawn & Garden,"Digging, spading, filling garden, composting, vigorous effort",High Preference,High Tolerance Match,No Preference
08055,2.8,Lawn & Garden,Driving tractor,Low Preference,Low Tolerance Match,No Preference
08057,8.3,Lawn & Garden,"Felling trees, large size",High Preference,High Tolerance Match,No Preference
08058,5.3,Lawn & Garden,"Felling trees, small-medium size",Moderate Preference,Moderate Tolerance Match,No Preference
08060,5.8,Lawn & Garden,"Gardening with heavy power tools, using chain saw, tilling a garden",Moderate Preference,Moderate Tolerance Match,Solo
08066,2,Lawn & Garden,"gardening, general",Low Preference,Low Tolerance Match,Solo
08070,4,Lawn & Garden,"Irrigation channels, opening and closing ports",Moderate Preference,Moderate Tolerance Match,No Preference
08080,6.3,Lawn & Garden,Laying crushed rock or gravel,High Preference,High Tolerance Match,No Preference
08090,5,Lawn & Garden,Laying sod,Moderate Preference,Moderate Tolerance Match,No Preference
08095,5.5,Lawn & Garden,"Mowing lawn, general, walking, moderate effort",Moderate Preference,Moderate Tolerance Match,No Preference
08100,2.5,Lawn & Garden,"Mowing lawn, riding mower (Taylor Code 550)",Low Preference,Low Tolerance Match,Solo
08110,6,Lawn & Garden,"Mowing lawn, hand mower, vigorous effort (Taylor Code 570)",High Preference,High Tolerance Match,Solo
08120,5,Lawn & Garden,"Mowing lawn, walk, power mower, moderate or vigorous effort",Moderate Preference,Moderate Tolerance Match,Solo
08125,4.5,Lawn & Garden,"Mowing lawn, power mower, light or moderate effort (Taylor Code 590)",Moderate Preference,Moderate Tolerance Match,Solo
08130,2.5,Lawn & Garden,"Operating snow blower, walking",Low Preference,Low Tolerance Match,No Preference
08135,2.6,Lawn & Garden,"Planting, potting, transplanting seedlings or plants, light effort",Low Preference,Low Tolerance Match,No Preference
08140,4.3,Lawn & Garden,"Planting seedlings, shrubs, stooping, moderate effort",Moderate Preference,Moderate Tolerance Match,No Preference
08145,4.3,Lawn & Garden,"Planting crops or garden, stooping, moderate effort",Moderate Preference,Moderate Tolerance Match,No Preference
08150,4.5,Lawn & Garden,Planting trees,Moderate Preference,Moderate Tolerance Match,No Preference
08160,4,Lawn & Garden,"Raking lawn or leaves, moderate effort",Moderate Preference,Moderate Tolerance Match,No Preference
08165,4,Lawn & Garden,Raking lawn (Taylor Code 600),Moderate Preference,Moderate Tolerance Match,No Preference
08170,4,Lawn & Garden,Raking roof with snow rake,Moderate Preference,Moderate Tolerance Match,No Preference
08180,3,Lawn & Garden,Riding snow blower,Moderate Preference,Moderate Tolerance Match,No Preference
08190,4,Lawn & Garden,"Sacking grass, leaves",Moderate Preference,Moderate Tolerance Match,No Preference
08192,5.5,Lawn & Garden,Shoveling dirt or mud,Moderate Preference,Moderate Tolerance Match,Solo
08195,5.3,Lawn & Garden,"Shoveling snow, by hand, moderate effort",Moderate Preference,Moderate Tolerance Match,Solo
08200,6,Lawn & Garden,"Shoveling snow, by hand (Taylor Code 610)",High Preference,High Tolerance Match,Solo
08241,5,Lawn & Garden,"Weeding, cultivating garden, using hoe moderate-to-vigorous effort",Moderate Preference,Moderate Tolerance Match,No Preference
08245,3.8,Lawn & Garden,"Gardening, general, moderate effort",Moderate Preference,Moderate Tolerance Match,Solo
08246,3.5,Lawn & Garden,"Picking fruit or coffee from trees, moderate effort",Moderate Preference,Moderate Tolerance Match,No Preference
08248,4.5,Lawn & Garden,"Harvesting Produce, Picking fruit off trees, gleaning fruits, picking fruits/vegetables, climbing ladder to pick fruit, vigorous effort",Moderate Preference,Moderate Tolerance Match,No Preference
08250,3,Lawn & Garden,"Implied walking/standing - picking up yard, light, picking flowers or vegetables",Moderate Preference,Moderate Tolerance Match,No Preference
08251,3,Lawn & Garden,"Walking, gathering gardening tools",Moderate Preference,Moderate Tolerance Match,No Preference
08255,4.8,Lawn & Garden,"Wheel barrow, pushing garden cart or wheelbarrow, general",Moderate Preference,Moderate Tolerance Match,No Preference
08256,6,Lawn & Garden,"Wheel barrow, pushing large garden cart or heavy wheelbarrow up to 150kg",High Preference,High Tolerance Match,No Preference
08260,2.3,Lawn & Garden,"Yardwork, general, light effort",Low Preference,Low Tolerance Match,No Preference
08261,4,Lawn & Garden,"Yardwork, general, moderate effort",Moderate Preference,Moderate Tolerance Match,No Preference
08262,6,Lawn & Garden,"Yardwork, general, vigorous effort",High Preference,High Tolerance Match,No Preference
09000,1.3,Miscellaneous,"Board game playing, sitting",Low Preference,Low Tolerance Match,No Preference
09005,2.5,Miscellaneous,"Casino gambling, standing",Low Preference,Low Tolerance Match,No Preference
09010,1.5,Miscellaneous,"Card playing, sitting",Low Preference,Low Tolerance Match,No Preference
09013,1.5,Miscellaneous,"Chess game, sitting",Low Preference,Low Tolerance Match,No Preference
09015,1.5,Miscellaneous,"Copying or filing documents, standing",Low Preference,Low Tolerance Match,No Preference
09020,1.8,Miscellaneous,"Drawing, writing, painting, standing",Low Preference,Low Tolerance Match,No Preference
09025,1,Miscellaneous,"Laughter, sitting",Low Preference,Low Tolerance Match,No Preference
09030,1,Miscellaneous,"Sitting: reading, book, newspaper, magazine",Low Preference,Low Tolerance Match,Solo
09034,1.8,Miscellaneous,"sitting, typing or reading on a balance chair/stability ball",Low Preference,Low Tolerance Match,Solo
09036,2,Miscellaneous,"watching tv, stepping during commercial breaks",Low Preference,Low Tolerance Match,Solo
09040,1.3,Miscellaneous,"Sitting: writing, desk work, typing",Low Preference,Low Tolerance Match,Solo
09050,1.3,Miscellaneous,"Standing: talking in person, on the phone, computer, text messaging, writing",Low Preference,Low Tolerance Match,Solo
09055,1.3,Miscellaneous,"Sitting: talking in person, on the phone, computer, or text messaging, light effort",Low Preference,Low Tolerance Match,Solo
09060,1.5,Miscellaneous,"Sitting - studying, general, including reading and/or writing, light effort",Low Preference,Low Tolerance Match,Solo
09065,1.8,Miscellaneous,"Sitting - in class, general, including note-taking or class discussion",Low Preference,Low Tolerance Match,Social
09070,1,Miscellaneous,Standing - reading,Low Preference,Low Tolerance Match,Solo
09071,2.5,Miscellaneous,Standing: miscellaneous,Low Preference,Low Tolerance Match,No Preference
09075,1.8,Miscellaneous,"Sitting: arts and crafts, carving wood, weaving, spinning wool, light effort",Low Preference,Low Tolerance Match,No Preference
09080,3,Miscellaneous,"Sitting: arts and crafts, carving wood, weaving, spinning wool, moderate effort",Moderate Preference,Moderate Tolerance Match,No Preference
09085,2.5,Miscellaneous,"Standing: arts and crafts, sand painting, carving, weaving, light effort",Low Preference,Low Tolerance Match,No Preference
09090,3.3,Miscellaneous,"Standing - arts and crafts, sand painting, carving, weaving, moderate effort",Moderate Preference,Moderate Tolerance Match,No Preference
09095,3.5,Miscellaneous,"Standing - arts and crafts, sand painting, carving, weaving, vigorous effort",Moderate Preference,Moderate Tolerance Match,No Preference
09100,1.5,Miscellaneous,"Retreat/family reunion activities involving sitting, relaxing, talking, eating",Low Preference,Low Tolerance Match,No Preference
11146,4.8,Occupation,,Moderate Preference,Moderate Tolerance Match,No Preference
11147,2,Occupation,"Farming, light effort, (e.g., cleaning animal sheds, preparing animal feed)",Low Preference,Low Tolerance Match,Solo
11170,2.8,Occupation,"Farming, driving tasks (e.g., driving tractor or harvester)",Low Preference,Low Tolerance Match,No Preference
11180,3.5,Occupation,"Farming, feeding small animals",Moderate Preference,Moderate Tolerance Match,No Preference
11190,4.3,Occupation,"Farming, feeding cattle, horses",Moderate Preference,Moderate Tolerance Match,No Preference
11191,4.3,Occupation,"Farming, hauling water for animals, fetching water from well or stream",Moderate Preference,Moderate Tolerance Match,No Preference
11192,4.5,Occupation,,Moderate Preference,Moderate Tolerance Match,No Preference
11195,3.8,Occupation,"Farming, rice, planting, grain milling activities",Moderate Preference,Moderate Tolerance Match,No Preference
11210,3.5,Occupation,"Farming, milking by hand, cleaning pails, moderate effort",Moderate Preference,Moderate Tolerance Match,Solo
11220,1.3,Occupation,"Farming, milking by machine, light effort",Low Preference,Low Tolerance Match,Solo
11222,3,Occupation,"Farming, milking Cows, full milking process, modern milking parlor with milking machines",Moderate Preference,Moderate Tolerance Match,Solo
11240,8,Occupation,"Fire fighter, general",High Preference,High Tolerance Match,No Preference
11244,6.8,Occupation,"Fire fighter, rescue victim, automobile accident, using pike pole",High Preference,High Tolerance Match,No Preference
11245,8,Occupation,"Fire fighter, raising and climbing ladder with full gear, simulated fire suppression",High Preference,High Tolerance Match,No Preference
11246,9,Occupation,"Fire fighter, hauling hoses on ground, carrying/hoisting equipment, breaking down walls etc., wearing full gear",High Preference,High Tolerance Match,No Preference
11247,3.5,Occupation,"Fishing, commercial, light effort",Moderate Preference,Moderate Tolerance Match,No Preference
11248,5,Occupation,"Fishing, commercial, moderate effort",Moderate Preference,Moderate Tolerance Match,No Preference
11250,17.5,Occupation,"Forestry, ax chopping, very fast, 1.25 kg axe, 51 blows/min, extremely vigorous effort",High Preference,High Tolerance Match,No Preference
11260,5,Occupation,"Forestry, ax chopping, slow, 1.25 kg axe, 19 blows/min, moderate effort",Moderate Preference,Moderate Tolerance Match,No Preference
11262,8,Occupation,"Forestry, ax chopping, fast, 1.25 kg axe, 35 blows/min, vigorous effort",High Preference,High Tolerance Match,No Preference
11264,5,Occupation,"Forestry, moderate effort (e.g., sawing wood with power saw, weeding, hoeing)",Moderate Preference,Moderate Tolerance Match,No Preference
11266,8.5,Occupation,,High Preference,High Tolerance Match,No Preference
11450,5,Occupation,"Machine tooling, operating punch press, moderate effort",Moderate Preference,Moderate Tolerance Match,Solo
11472,1.8,Occupation,"Manager, property",Low Preference,Low Tolerance Match,No Preference
11475,2.8,Occupation,"Manual or unskilled labor, general, light effort",Low Preference,Low Tolerance Match,No Preference
11476,4.5,Occupation,"Manual or unskilled labor, general, moderate effort",Moderate Preference,Moderate Tolerance Match,No Preference
11477,6.5,Occupation,"Manual or unskilled labor, general, vigorous effort",High Preference,High Tolerance Match,No Preference
11480,4.3,Occupation,"Masonary, concrete, moderate effort",Moderate Preference,Moderate Tolerance Match,No Preference
11482,2.5,Occupation,"Masonry, concrete, light effort",Low Preference,Low Tolerance Match,No Preference
11485,5.5,Occupation,"Massage therapist, standing",Moderate Preference,Moderate Tolerance Match,No Preference
11486,2.3,Occupation,"Mail carrier, walking to deliver mail",Low Preference,Low Tolerance Match,No Preference
11487,1.5,Occupation,"Mail delivery, motorbike",Low Preference,Low Tolerance Match,No Preference
11488,3.5,Occupation,"Mail delivery, Electronically Assisted Bicycle",Moderate Preference,Moderate Tolerance Match,No Preference
11490,7.5,Occupation,"Moving, carrying or pushing heavy objects, 75 lbs or more, only active time (e.g., desks, moving van work)",High Preference,High Tolerance Match,No Preference
11493,8.5,Occupation,"Mining, general services, drilling, mining support jobs (mechanical, welding, pipe installation, general construction)",High Preference,High Tolerance Match,No Preference
11495,12,Occupation,"Skindiving or SCUBA diving as a frogman, Navy Seal",High Preference,High Tolerance Match,No Preference
11500,2.5,Occupation,"Operating heavy duty equipment, automated, not driving",Low Preference,Low Tolerance Match,No Preference
11510,3.5,Occupation,"Orange grove work, picking fruit",Moderate Preference,Moderate Tolerance Match,No Preference
11514,3.3,Occupation,"Painting, house, furniture, moderate effort",Moderate Preference,Moderate Tolerance Match,No Preference
11516,3,Occupation,Plumbing activities,Moderate Preference,Moderate Tolerance Match,No Preference
11520,2,Occupation,"Printing, paper industry worker, standing",Low Preference,Low Tolerance Match,No Preference
11524,3.8,Occupation,"Police Officer, Walking",Moderate Preference,Moderate Tolerance Match,No Preference
11525,2.5,Occupation,"Police, directing traffic, standing",Low Preference,Low Tolerance Match,No Preference
11526,2,Occupation,"Police, driving a squad car, sitting",Low Preference,Low Tolerance Match,No Preference
11527,1.3,Occupation,"Police, riding in a squad car, sitting",Low Preference,Low Tolerance Match,No Preference
11528,4,Occupation,"Police, making an arrest, standing",Moderate Preference,Moderate Tolerance Match,No Preference
11529,9,Occupation,"Counter terrorism maneuvers, clearing building",High Preference,High Tolerance Match,No Preference
12020,7.5,Running,"Jogging, general, self-selected pace",High Preference,High Tolerance Match,Solo
12025,4.8,Running,"Jogging, in place",Moderate Preference,Moderate Tolerance Match,No Preference
12026,3.3,Running,Jogging 2.6 to 3.7 mph,Moderate Preference,Moderate Tolerance Match,No Preference
12027,4.5,Running,Jogging on a mini-tramp,Moderate Preference,Moderate Tolerance Match,No Preference
12028,6.5,Running,"Running, 4 to 4.2 mph (13 min/mile)",High Preference,High Tolerance Match,No Preference
12029,7.8,Running,Running 4.3 to 4.8 mph,High Preference,High Tolerance Match,No Preference
12030,8.5,Running,"Running, 5.0 to 5.2 mph (12 min/mile)",High Preference,High Tolerance Match,No Preference
12045,9,Running,"Running, 5.5 -5.8 mph",High Preference,High Tolerance Match,No Preference
12050,9.3,Running,"Running, 6-6.3 mph (10 min/mile)",High Preference,High Tolerance Match,No Preference
12060,10.5,Running,"Running, 6.7 mph (9 min/mile)",High Preference,High Tolerance Match,No Preference
12070,11,Running,"Running, 7 mph (8.5 min/mile)",High Preference,High Tolerance Match,No Preference
12080,11.8,Running,"Running, 7.5 mph (8 min/mile)",High Preference,High Tolerance Match,No Preference
12090,12,Running,"Running, 8 mph (7.5 min/mile)",High Preference,High Tolerance Match,No Preference
12100,12.5,Running,"Running, 8.6 mph (7 min/mile)",High Preference,High Tolerance Match,No Preference
12110,13,Running,"Running, 9 mph (6.5 min/mile)",High Preference,High Tolerance Match,No Preference
12115,14.8,Running,"Running, 9.3 to 9.6 mph",High Preference,High Tolerance Match,No Preference
12120,14.8,Running,"Running, 10 mph (6 min/mile)",High Preference,High Tolerance Match,No Preference
12130,16.8,Running,"Running, 11 mph (5.5 min/mile)",High Preference,High Tolerance Match,No Preference
12132,18.5,Running,"Running, 12 mph (5.0 min/mile)",High Preference,High Tolerance Match,No Preference
12134,19.8,Running,"Running, 13 mph (4.6 min/mile)",High Preference,High Tolerance Match,No Preference
12135,23,Running,"Running, 14 mph (4.3 min/mile)",High Preference,High Tolerance Match,No Preference
12140,9.3,Running,"Running, cross country",High Preference,High Tolerance Match,No Preference
12170,15,Running,"Running, stairs, up",High Preference,High Tolerance Match,No Preference
12180,10,Running,"Running, on a track, team practice",High Preference,High Tolerance Match,Social
12184,18,Running,"Running, on track, 500-1500m, competitive",High Preference,High Tolerance Match,Social
12186,19.3,Running,"Running, on track, 2000-3000m, competitive",High Preference,High Tolerance Match,Social
12190,8,Running,"Running, training, pushing a wheelchair or baby carrier",High Preference,High Tolerance Match,No Preference
12200,13.3,Running,"Running, marathon",High Preference,High Tolerance Match,No Preference
12255,10.3,Running,"Running uphill, 4.5mph, 5% incline",High Preference,High Tolerance Match,No Preference
12260,13.3,Running,"Running uphill, 6.0 mph, 5% incline",High Preference,High Tolerance Match,No Preference
12265,15.5,Running,"Running uphill, 7.0 mph, 5% incline",High Preference,High Tolerance Match,No Preference
12325,17.5,Running,"Running uphill, 5.0 to 5.9 mph, 15% incline",High Preference,High Tolerance Match,No Preference
12335,8.8,Running,"Running uphill, 0.6 to 0.79 mph, 30% incline",High Preference,High Tolerance Match,No Preference
12337,10.3,Running,"Running uphill, 0.8 to 0.99 mph, 30% incline",High Preference,High Tolerance Match,No Preference
12339,11.8,Running,"Running uphill, 1.0 to 1.19 mph, 30% incline",High Preference,High Tolerance Match,No Preference
12341,13.5,Running,"Running uphill, 1.2 to 1.39 mph, 30-40% incline",High Preference,High Tolerance Match,No Preference
12343,14.8,Running,"Running uphill, 1.4 to 1.59 mph, 30% incline",High Preference,High Tolerance Match,No Preference
12345,16.3,Running,"Running uphill, >1.6mph, 10-30% incline",High Preference,High Tolerance Match,No Preference
12350,16,Running,"Running, hilly terrain, ±100m change in elevation",High Preference,High Tolerance Match,No Preference
12352,5.8,Running,"Running downhill, 5.0 to 5.9 mph, -10% to -15%",Moderate Preference,Moderate Tolerance Match,No Preference
12353,7.5,Running,"Running downhill, 6.0 to 6.9 mph, -10% to -15%",High Preference,High Tolerance Match,No Preference
12355,9,Running,"Running downhill, 7.0 to 8.9 mph, -10% to -15%",High Preference,High Tolerance Match,No Preference
12358,9.3,Running,"Running downhill, 6.0 to 7.9 mph, -3% to -9%",High Preference,High Tolerance Match,No Preference
12361,13.8,Running,"Running downhill, 8.0 to 10.5 mph, -3% to -9%",High Preference,High Tolerance Match,No Preference
12405,5.3,Running,"Running/jogging, curved treadmill, 3.0 to 3.9 mph",Moderate Preference,Moderate Tolerance Match,Solo
12408,6.5,Running,"Running/jogging, curved treadmill, 4.0 to 4.9 mph",High Preference,High Tolerance Match,Solo
12410,11,Running,"Running curved treadmill, 5.0 to 5.9 mph",High Preference,High Tolerance Match,Solo
12412,12,Running,"Running curved treadmill, 7.0 to 7.9 mph",High Preference,High Tolerance Match,Solo
12414,14,Running,"Running curved treadmill, 8.0 to 8.9 mph",High Preference,High Tolerance Match,Solo
12416,16.8,Running,"Running curved treadmill, 9.0 to 9.9 mph",High Preference,High Tolerance Match,Solo
12508,8.5,Running,"Running, 5.0 - 5.9 mph, 1.0 to 3.0 kg backpack",High Preference,High Tolerance Match,No Preference
12510,9.5,Running,"Running, 6.0 - 6.9 mph, 1.0 to 3.0 kg backpack",High Preference,High Tolerance Match,No Preference
12512,9.8,Running,"Running, 7.0 - 7.9 mph, 1.0 to 3.0 kg backpack",High Preference,High Tolerance Match,No Preference
12514,12,Running,"Running, 8.0 - 8.9 mph, 1.0 to 3.0 kg backpack",High Preference,High Tolerance Match,No Preference
12555,7.8,Running,"Running, barefoot, 3.5-5.9 mph",High Preference,High Tolerance Match,No Preference
12560,12,Running,"Running, barefoot, 6.0-7.9 mph",High Preference,High Tolerance Match,No Preference
12565,13.5,Running,"Running, barefoot, 8.0-8.9 mph",High Preference,High Tolerance Match,No Preference
12585,8,Running,"Running, jogging stroller, indoors, 5 mph",High Preference,High Tolerance Match,No Preference
12588,9,Running,"Running, jogging stroller, indoors, 6 mph",High Preference,High Tolerance Match,No Preference
12593,10,Running,"Running, jogging stroller, outdoors, 5 mph",High Preference,High Tolerance Match,No Preference
12595,11.5,Running,"Running, jogging stroller, outdoors, 6 mph",High Preference,High Tolerance Match,No Preference
12600,11.5,Running,"Skipping, 5.5-6.0 mph",High Preference,High Tolerance Match,No Preference
14020,3,Sexual Activity,"General, moderate effort",Moderate Preference,Moderate Tolerance Match,No Preference
14030,1.8,Sexual Activity,"Passive, light effort, kissing, hugging",Low Preference,Low Tolerance Match,No Preference
15000,5.5,Sports,"Alaska Native Games, Eskimo Olympics, general",Moderate Preference,Moderate Tolerance Match,No Preference
15010,4.3,Sports,Archery (non-hunting),Moderate Preference,Moderate Tolerance Match,No Preference
15020,7,Sports,"Badminton, competitive (Taylor Code 450)",High Preference,High Tolerance Match,Social
15025,9,Sports,"Badminton, competitive, match play",High Preference,High Tolerance Match,Social
15030,5.5,Sports,"Badminton, social singles and doubles, general",Moderate Preference,Moderate Tolerance Match,Social
15040,8,Sports,"Basketball, game (Taylor Code 490)",High Preference,High Tolerance Match,Social
15050,6,Sports,"Basketball, non-game, general (Taylor Code 480)",High Preference,High Tolerance Match,Social
15055,7.5,Sports,"Basketball, general",High Preference,High Tolerance Match,Social
15060,7,Sports,"Basketball, officiating (Taylor Code 500)",High Preference,High Tolerance Match,Social
15062,5.8,Sports,"Basketball, officiating",Moderate Preference,Moderate Tolerance Match,Social
15070,5,Sports,"Basketball, shooting baskets",Moderate Preference,Moderate Tolerance Match,Social
15072,9.3,Sports,"Basketball, drills, practice",High Preference,High Tolerance Match,Social
15080,2.5,Sports,Billiards,Low Preference,Low Tolerance Match,No Preference
15090,3,Sports,Bowling (Taylor Code 390),Moderate Preference,Moderate Tolerance Match,No Preference
15092,3.8,Sports,"Bowling, indoor, bowling alley",Moderate Preference,Moderate Tolerance Match,No Preference
15100,12.3,Sports,"Boxing, in ring, general",High Preference,High Tolerance Match,No Preference
15110,5.8,Sports,"Boxing, punching bag",Moderate Preference,Moderate Tolerance Match,No Preference
15113,7,Sports,"Boxing, punching bag, 60 b/min",High Preference,High Tolerance Match,No Preference
15115,8.5,Sports,"Boxing, punching bag, 120 b/min",High Preference,High Tolerance Match,No Preference
15118,10.8,Sports,"Boxing, punching bag, 180 b/min",High Preference,High Tolerance Match,No Preference
15120,7.8,Sports,"Boxing, sparring",High Preference,High Tolerance Match,No Preference
15125,9.3,Sports,"Boxing, simulated boxing round, exercise",High Preference,High Tolerance Match,No Preference
15130,7,Sports,Broomball,High Preference,High Tolerance Match,No Preference
15135,5.8,Sports,,Moderate Preference,Moderate Tolerance Match,No Preference
15138,6,Sports,"Cheerleading, gymnastic moves, competitive",High Preference,High Tolerance Match,Social
15140,4,Sports,"Coaching, football, soccer, basketball, baseball, swimming, etc.",Moderate Preference,Moderate Tolerance Match,No Preference
15232,4,Sports,"Football, touch, flag, light effort",Moderate Preference,Moderate Tolerance Match,Social
15235,2.5,Sports,"Football or baseball, playing catch",Low Preference,Low Tolerance Match,Social
15240,3,Sports,"Frisbee playing, general",Moderate Preference,Moderate Tolerance Match,No Preference
15250,8,Sports,"Frisbee, ultimate",High Preference,High Tolerance Match,No Preference
15252,3.8,Sports,Frisbee golf,Moderate Preference,Moderate Tolerance Match,Social
15255,4.5,Sports,"Golf, general",Moderate Preference,Moderate Tolerance Match,Social
15265,4.3,Sports,"Golf, walking, carrying clubs",Moderate Preference,Moderate Tolerance Match,No Preference
15270,3.5,Sports,"Golf, miniature, driving range",Moderate Preference,Moderate Tolerance Match,Social
15285,4.5,Sports,"Golf, walking, pulling clubs",Moderate Preference,Moderate Tolerance Match,No Preference
15290,3.5,Sports,"Golf, using power cart (Taylor Code 070)",Moderate Preference,Moderate Tolerance Match,Social
15300,3.8,Sports,"Gymnastics, general",Moderate Preference,Moderate Tolerance Match,No Preference
15310,4,Sports,Hacky sack,Moderate Preference,Moderate Tolerance Match,No Preference
15320,12,Sports,"Handball, general (Taylor Code 520)",High Preference,High Tolerance Match,No Preference
15330,8,Sports,"Handball, team",High Preference,High Tolerance Match,Social
15335,4,Sports,"High ropes course, multiple elements",Moderate Preference,Moderate Tolerance Match,No Preference
15340,3.5,Sports,Hang gliding,Moderate Preference,Moderate Tolerance Match,No Preference
15350,7.8,Sports,"Hockey, field",High Preference,High Tolerance Match,No Preference
15360,8,Sports,"Hockey, ice, general",High Preference,High Tolerance Match,No Preference
15362,10,Sports,"Hockey, ice, competitive",High Preference,High Tolerance Match,Social
15370,5.5,Sports,"Horseback riding, general",Moderate Preference,Moderate Tolerance Match,No Preference
15380,4.5,Sports,"Horse grooming, maintenance, saddling tasks",Moderate Preference,Moderate Tolerance Match,Solo
15390,5.8,Sports,"Horseback riding, trotting",Moderate Preference,Moderate Tolerance Match,No Preference
15395,7.3,Sports,"Horseback riding, canter or gallop",High Preference,High Tolerance Match,No Preference
15400,3.8,Sports,"Horseback riding, walking",Moderate Preference,Moderate Tolerance Match,No Preference
15402,9,Sports,"Horseback riding, jumping",High Preference,High Tolerance Match,No Preference
15403,6,Sports,"Horseback riding, reining",High Preference,High Tolerance Match,No Preference
15406,2.1,Sports,"Horseback riding, simulator",Low Preference,Low Tolerance Match,No Preference
15408,1.8,Sports,"Horse cart, driving, standing or sitting",Low Preference,Low Tolerance Match,No Preference
15410,3,Sports,"Horseshoe pitching, quoits",Moderate Preference,Moderate Tolerance Match,No Preference
15503,1.8,Sports,"Paragliding, moderate altitude",Low Preference,Low Tolerance Match,No Preference
15506,6.5,Sports,Prusik climbing,High Preference,High Tolerance Match,No Preference
15510,8,Sports,"Polo, on horseback",High Preference,High Tolerance Match,No Preference
15520,10,Sports,"Racquetball, competitive",High Preference,High Tolerance Match,Social
15525,10.3,Sports,"Race Walking, 3.1 m/s (6.9 mph)",High Preference,High Tolerance Match,No Preference
15527,13.8,Sports,"Race Walking, 3.7 m/s (8.3 mph)",High Preference,High Tolerance Match,No Preference
15528,15.5,Sports,"Race Walking, racing speed, 4.0 m/s (8.95 mph)",High Preference,High Tolerance Match,No Preference
15530,7,Sports,"Racquetball, general (Taylor Code 470)",High Preference,High Tolerance Match,No Preference
15533,8,Sports,"Rock or mountain climbing (Taylor Code 060), (formerly code 17120)",High Preference,High Tolerance Match,No Preference
15534,8.8,Sports,"Rock climbing, free boulder",High Preference,High Tolerance Match,No Preference
15535,7.3,Sports,"Rock climbing, ascending rock, high difficulty",High Preference,High Tolerance Match,No Preference
15536,10.5,Sports,"Rock climbing, speed climbing, very difficult",High Preference,High Tolerance Match,No Preference
15537,5.8,Sports,"Rock climbing, ascending or traversing rock, low-to-moderate difficulty",Moderate Preference,Moderate Tolerance Match,No Preference
15538,10.5,Sports,"Rock climbing, treadwall, 4-6 m/min",High Preference,High Tolerance Match,No Preference
15539,10.5,Sports,"Rock climbing, treadwall, 7-10 m/min",High Preference,High Tolerance Match,No Preference
15540,5,Sports,"Rock climbing, rappelling,",Moderate Preference,Moderate Tolerance Match,No Preference
15542,4,Sports,"Rodeo sports, general, light effort",Moderate Preference,Moderate Tolerance Match,No Preference
15544,5.5,Sports,"Rodeo sports, general, moderate effort",Moderate Preference,Moderate Tolerance Match,No Preference
15546,7,Sports,"Rodeo sports, general, vigorous effort",High Preference,High Tolerance Match,No Preference
15550,12.3,Sports,"Rope jumping, fast pace, 120-160 skips/min",High Preference,High Tolerance Match,No Preference
15551,11.8,Sports,"Rope jumping, moderate pace, general, 100 to 120 skips/min, 2 foot skip, plain bounce",High Preference,High Tolerance Match,No Preference
15591,7.5,Sports,"Roller blading, in-line skating, 14.4 km/h (9.0 mph), recreational pace",High Preference,High Tolerance Match,No Preference
15592,9.8,Sports,"Roller blading, in-line skating, 17.7 km/h (11.0 mph), moderate pace, exercise training",High Preference,High Tolerance Match,No Preference
15593,12.3,Sports,"Roller blading, in-line skating, 21.0 to 21.7 km/h (13.0 to 13.6 mph), fast pace, exercise training",High Preference,High Tolerance Match,No Preference
15594,15.5,Sports,"Rollerblading, in-line skating, 24.0 km/h (15.0 mph), maximal effort",High Preference,High Tolerance Match,No Preference
15595,6.8,Sports,"Skateboard, longboard, 13.3 km/h, slow speed",High Preference,High Tolerance Match,No Preference
15596,8.3,Sports,"Skateboard, longboard, 16.2 km/h, typical speed",High Preference,High Tolerance Match,No Preference
15597,10.5,Sports,"Skateboard, longboard, 18.4 km/h, fast speed",High Preference,High Tolerance Match,No Preference
15600,3.5,Sports,"Skydiving, base-jumping, bungee jumping",Moderate Preference,Moderate Tolerance Match,No Preference
15605,9.5,Sports,"Soccer, competitive",High Preference,High Tolerance Match,Social
15610,7,Sports,"Soccer, casual, general (Taylor Code 540)",High Preference,High Tolerance Match,Social
15615,3.5,Sports,Walking football/soccer,Moderate Preference,Moderate Tolerance Match,No Preference
15620,5,Sports,"Softball or baseball, fast or slow pitch, general, moderate effort (Taylor Code 440)",Moderate Preference,Moderate Tolerance Match,No Preference
15625,4,Sports,"Softball, practice",Moderate Preference,Moderate Tolerance Match,No Preference
15630,4,Sports,"Softball, officiating",Moderate Preference,Moderate Tolerance Match,No Preference
15640,6,Sports,"Softball, pitching",High Preference,High Tolerance Match,No Preference
15645,3.3,Sports,"Sports spectator, very excited, emotional, physically moving",Moderate Preference,Moderate Tolerance Match,No Preference
15650,12,Sports,Squash (Taylor Code 530),High Preference,High Tolerance Match,No Preference
15652,7.3,Sports,"Squash, general",High Preference,High Tolerance Match,No Preference
15660,4,Sports,"Table tennis, ping pong (Taylor Code 410)",Moderate Preference,Moderate Tolerance Match,Social
15670,3.3,Sports,"Tai chi, qi gong, general",Moderate Preference,Moderate Tolerance Match,Social
15672,1.5,Sports,"Tai chi, qi gong, sitting, light effort",Low Preference,Low Tolerance Match,Social
15674,6,Sports,"Tai chi chuan, Yang style",High Preference,High Tolerance Match,Social
15675,6.8,Sports,"Tennis, general, moderate effort",High Preference,High Tolerance Match,Social
15676,8,Sports,"Tennis, general, competitive",High Preference,High Tolerance Match,Social
15680,6,Sports,"Tennis, doubles (Taylor Code 430)",High Preference,High Tolerance Match,Social
15685,4.5,Sports,"Tennis, doubles",Moderate Preference,Moderate Tolerance Match,Social
15690,8,Sports,"Tennis, singles (Taylor Code 420)",High Preference,High Tolerance Match,Social
15695,5,Sports,"Tennis, hitting balls, non-game play, moderate effort",Moderate Preference,Moderate Tolerance Match,Social
15700,6.3,Sports,"Trampoline, recreational",High Preference,High Tolerance Match,No Preference
15702,10.3,Sports,"Trampoline, competitive",High Preference,High Tolerance Match,Social
15710,4,Sports,Volleyball (Taylor Code 400),Moderate Preference,Moderate Tolerance Match,Social
15711,6,Sports,"Volleyball, competitive, in gymnasium",High Preference,High Tolerance Match,Social
15720,3,Sports,"Volleyball, non-competitive, 6 - 9 member team, general",Moderate Preference,Moderate Tolerance Match,Social
15725,8,Sports,"Volleyball, beach, in sand",High Preference,High Tolerance Match,Social
17011,3.5,Walking,"Walking with a day pack, level ground, assumed in the city",Moderate Preference,Moderate Tolerance Match,No Preference
17012,7.8,Walking,"Backpacking, hiking with a daypack, organized walking with daypack",High Preference,High Tolerance Match,No Preference
17016,4,Walking,"Carrying 5 to 14 lb (2.3 to 6.4 kg) load (e.g. suitcase, boxes, groceries), level ground, moderate pace",Moderate Preference,Moderate Tolerance Match,No Preference
17018,4.5,Walking,"Carrying 15 - 155 lb (6.8 - 70.4 kg) load (e.g. suitcase, boxes, furniture), level ground or downstairs, slow pace",Moderate Preference,Moderate Tolerance Match,No Preference
17019,6.5,Walking,"Carrying 50 to 150 pound load (e.g., equine or bovine feed, fence pipes, furniture), level ground, moderate pace",High Preference,High Tolerance Match,No Preference
17021,2.3,Walking,"Carrying ~10 lb child, slow walking",Low Preference,Low Tolerance Match,No Preference
17025,8.3,Walking,"Carrying load upstairs, general",High Preference,High Tolerance Match,No Preference
17026,5.5,Walking,"Carrying load, 1 to 15 lb load, upstairs",Moderate Preference,Moderate Tolerance Match,No Preference
17027,6,Walking,"Carrying load, 16 to 24 lb load, upstairs",High Preference,High Tolerance Match,No Preference
17028,8,Walking,"Carrying load, 25 to 49 lb load, upstairs",High Preference,High Tolerance Match,No Preference
17029,10,Walking,"Carrying load, 50 to 74 lb load, upstairs",High Preference,High Tolerance Match,No Preference
17030,12,Walking,"Carrying load, >74 lb load, upstairs",High Preference,High Tolerance Match,No Preference
17031,3.8,Walking,"Loading and/or unloading a car, implied walking",Moderate Preference,Moderate Tolerance Match,No Preference
17032,5,Walking,"Climbing hills, no load, 5 to 20% grade, very slow pace",Moderate Preference,Moderate Tolerance Match,No Preference
17033,3.8,Walking,"Climbing hills, 15-50 lb load, 1 to 2% grade, slow pace",Moderate Preference,Moderate Tolerance Match,No Preference
17034,5.3,Walking,"Climbing hills, no load, 1 to 5% grade, moderate-to-brisk pace",Moderate Preference,Moderate Tolerance Match,No Preference
17035,7,Walking,"Climbing hills, no load, 6 to 10% grade, moderate-to-brisk pace",High Preference,High Tolerance Match,No Preference
17036,8.8,Walking,"Climbing hills, no load, 11 to 20% grade, slow-to-moderate pace",High Preference,High Tolerance Match,No Preference
17037,10,Walking,"Climbing hills, no load, 4.0 to 5.0 mph, 3 to 5% grade, very fast pace",High Preference,High Tolerance Match,No Preference
17038,8.5,Walking,"Climbing hills, no load, steep grade (30%), slow pace (less than 1.2 mph)",High Preference,High Tolerance Match,No Preference
17039,15.5,Walking,"Climbing hills, no load, very steep grade (30-40%), 1.2 to 1.8 mph",High Preference,High Tolerance Match,No Preference
17040,16.3,Walking,"Climbing hills, no load, steep grade (10-40%), 1.8 to 5.0 mph",High Preference,High Tolerance Match,No Preference
17045,6.5,Walking,"Climbing hills, 10 to 20 lb load, 5 to 10% grade, moderate",High Preference,High Tolerance Match,No Preference
17050,7.5,Walking,"Climbing hills, 21 to 40 lb load, 3 to 10% grade, moderate-to-brisk pace",High Preference,High Tolerance Match,No Preference
17081,3.8,Walking,"Hiking slowly or ambling through fields and hillsides, no load",Moderate Preference,Moderate Tolerance Match,No Preference
17082,5.3,Walking,"Hiking or walking at a normal pace through fields and hillsides, no load",Moderate Preference,Moderate Tolerance Match,No Preference
17085,2.5,Walking,"Bird watching, walking and stopping",Low Preference,Low Tolerance Match,No Preference
17088,4.5,Walking,"Marching, moderate speed, military, no pack",Moderate Preference,Moderate Tolerance Match,No Preference
17090,8,Walking,"Marching rapidly, military, no pack",High Preference,High Tolerance Match,No Preference
17100,3.8,Walking,"Pushing or pulling stroller with child or walking with children, 2.5 to 3.1 mph",Moderate Preference,Moderate Tolerance Match,No Preference
17105,3.8,Walking,"Pushing a wheelchair, non-occupational",Moderate Preference,Moderate Tolerance Match,No Preference
17110,6.5,Walking,Race walking,High Preference,High Tolerance Match,No Preference
17130,8,Walking,"Stair climbing, using or climbing up ladder (Taylor Code 030)",High Preference,High Tolerance Match,No Preference
17131,6.8,Walking,"Stair climbing, general",High Preference,High Tolerance Match,No Preference
17133,4.5,Walking,"Stair climbing, slow pace",Moderate Preference,Moderate Tolerance Match,No Preference
17134,9.3,Walking,"Stair climbing, fast pace, one step at a time",High Preference,High Tolerance Match,No Preference
17136,7.5,Walking,"Stair climbing, two steps at a time",High Preference,High Tolerance Match,No Preference
17138,7.5,Walking,"Stair climbing, ascending and descending stairs",High Preference,High Tolerance Match,No Preference
17140,4.5,Walking,"Using crutches, level ground, general",Moderate Preference,Moderate Tolerance Match,No Preference
17142,7,Walking,"Using crutches, fast pace",High Preference,High Tolerance Match,No Preference
17145,4.3,Walking,Using medical knee scooter,Moderate Preference,Moderate Tolerance Match,No Preference
17150,2.3,Walking,"Walking, household",Low Preference,Low Tolerance Match,No Preference
17151,2.3,Walking,"Walking, less than 2.0 mph, level, strolling, very slow",Low Preference,Low Tolerance Match,No Preference
17152,2.8,Walking,"Walking, 2.0 to 2.4 mph, level, slow pace, firm surface",Low Preference,Low Tolerance Match,No Preference
17160,3.5,Walking,Walking for pleasure (Taylor Code 010),Moderate Preference,Moderate Tolerance Match,No Preference
17161,2.5,Walking,"Walking from house to car or bus, from car or bus to go places, from car or bus to and from the worksite",Low Preference,Low Tolerance Match,No Preference
17162,2.5,Walking,Walking to neighbor’s house or family’s house for social reasons,Low Preference,Low Tolerance Match,No Preference
17165,3,Walking,Walking the dog,Moderate Preference,Moderate Tolerance Match,No Preference
17170,3,Walking,"Walking, 2.5 mph, firm, level surface",Moderate Preference,Moderate Tolerance Match,No Preference
17180,3.3,Walking,"Walking, 2.5 mph, downhill",Moderate Preference,Moderate Tolerance Match,No Preference
17190,3.8,Walking,"Walking, 2.8 to 3.4 mph, level, moderate pace, firm surface",Moderate Preference,Moderate Tolerance Match,No Preference
17200,4.8,Walking,"Walking, 3.5 to 3.9 mph, level, brisk, firm surface, walking for exercise",Moderate Preference,Moderate Tolerance Match,No Preference
17220,5.5,Walking,"Walking, 4.0 to 4.4 mph (6.4 to 7.0 km/h), level, firm surface, very brisk pace",Moderate Preference,Moderate Tolerance Match,No Preference
17230,7,Walking,"Walking, 4.5 to 4.9 mph, level, firm surface, very, very brisk",High Preference,High Tolerance Match,No Preference
17231,8.5,Walking,"Walking, 5.0 to 5.5 mph (8.8 to 8.9 km/h), level, firm surface",High Preference,High Tolerance Match,No Preference
17250,3.5,Walking,"Walking, for pleasure, work break (Taylor Code xxx)",Moderate Preference,Moderate Tolerance Match,No Preference
17255,4,Walking,"Walking, self-selected speed, indoor track or outdoors, firm surface",Moderate Preference,Moderate Tolerance Match,No Preference
17260,4.8,Walking,"Walking, grass track",Moderate Preference,Moderate Tolerance Match,No Preference
17262,4.5,Walking,"Walking, normal pace, plowed field or sand",Moderate Preference,Moderate Tolerance Match,No Preference
17270,4,Walking,"Walking, to work or class (Taylor Code 015)",Moderate Preference,Moderate Tolerance Match,No Preference
17280,2.5,Walking,"Walking, to and from an outhouse",Low Preference,Low Tolerance Match,No Preference
17302,4.3,Walking,"Walking, for exercise, 2.5 to 3.5 mph (4.0 to 5.6 km/h), with ski poles, Nordic walking, level, moderate pace",Moderate Preference,Moderate Tolerance Match,No Preference
18025,3.3,Water Activities,"Canoeing, harvesting wild rice, knocking rice off the stalks",Moderate Preference,Moderate Tolerance Match,No Preference
18030,7,Water Activities,"Canoeing, portaging",High Preference,High Tolerance Match,No Preference
18040,2.8,Water Activities,"Canoeing, rowing, 2.0-3.9 mph, light effort",Low Preference,Low Tolerance Match,No Preference
18050,5.8,Water Activities,"Canoeing, rowing, 4.0-5.9 mph, moderate effort",Moderate Preference,Moderate Tolerance Match,No Preference
18060,12.5,Water Activities,"Canoeing, rowing, kayaking, competition, > 6 mph, vigorous effort",High Preference,High Tolerance Match,No Preference
18070,3.5,Water Activities,"Canoeing, rowing, for pleasure, general (Taylor Code 250)",Moderate Preference,Moderate Tolerance Match,No Preference
18080,12,Water Activities,"Canoeing or rowing, in competition, crew or sculling (Taylor Code 260)",High Preference,High Tolerance Match,No Preference
18090,3,Water Activities,"Diving, springboard or platform",Moderate Preference,Moderate Tolerance Match,No Preference
18100,5,Water Activities,"Kayaking, moderate effort",Moderate Preference,Moderate Tolerance Match,No Preference
18104,13.5,Water Activities,"Kayaking, competition",High Preference,High Tolerance Match,No Preference
18106,9,Water Activities,"Kayaking, slalom, flat water",High Preference,High Tolerance Match,No Preference
18110,4,Water Activities,Paddle boat,Moderate Preference,Moderate Tolerance Match,No Preference
18112,15.5,Water Activities,"Rowing, simulated crew in a water tank, single oar, 33 strokes/min,",High Preference,High Tolerance Match,No Preference
18120,3,Water Activities,"Sailing, boat and board sailing, windsurfing, ice sailing, general (Taylor Code 235)",Moderate Preference,Moderate Tolerance Match,No Preference
18130,4.5,Water Activities,"Sailing, in competition, general",Moderate Preference,Moderate Tolerance Match,No Preference
18132,9.3,Water Activities,"Sailing, in competition, high effort",High Preference,High Tolerance Match,No Preference
18140,3.3,Water Activities,"Sailing, Sunfish/Laser/Hobby Cat, Keel boats, ocean sailing, yachting, leisure",Moderate Preference,Moderate Tolerance Match,No Preference
18142,2,Water Activities,"Sailing, dingy",Low Preference,Low Tolerance Match,No Preference
18150,6,Water Activities,"Skiing, water or wake boarding (Taylor Code 220)",High Preference,High Tolerance Match,No Preference
18160,7,Water Activities,"Jet skiing, driving, in water",High Preference,High Tolerance Match,No Preference
18180,15.8,Water Activities,"Skindiving, fast",High Preference,High Tolerance Match,No Preference
18190,11.8,Water Activities,"Skindiving, moderate",High Preference,High Tolerance Match,No Preference
18200,7,Water Activities,"Skindiving, scuba diving, general (Taylor Code 310)",High Preference,High Tolerance Match,No Preference
18202,5.3,Water Activities,"Scuba diving, general, light effort",Moderate Preference,Moderate Tolerance Match,No Preference
18204,5.8,Water Activities,"Scuba diving, general, moderate effort",Moderate Preference,Moderate Tolerance Match,No Preference
18206,5.5,Water Activities,"Scuba diving, professional diver",Moderate Preference,Moderate Tolerance Match,No Preference
18208,6.8,Water Activities,"Scuba diving, recreational diver",High Preference,High Tolerance Match,No Preference
18210,5,Water Activities,Snorkeling (Taylor Code 320),Moderate Preference,Moderate Tolerance Match,No Preference
18220,3,Water Activities,"Surfing, body or board, general",Moderate Preference,Moderate Tolerance Match,No Preference
18221,6.8,Water Activities,"Surfboard, paddling",High Preference,High Tolerance Match,No Preference
18222,5,Water Activities,"Surfing, body or board, competitive",Moderate Preference,Moderate Tolerance Match,Social
18224,6.5,Water Activities,"Stand up paddle boarding, general",High Preference,High Tolerance Match,No Preference
18225,2.8,Water Activities,"Stand up Paddleboard, standing, 10-19 strokes/min",Low Preference,Low Tolerance Match,No Preference
18226,3.8,Water Activities,"Stand up Paddleboard, standing, 20-29 strokes/min",Moderate Preference,Moderate Tolerance Match,No Preference
18227,5,Water Activities,"Stand up Paddleboard, standing, 30-39 strokes/min",Moderate Preference,Moderate Tolerance Match,No Preference
18228,9.8,Water Activities,"Stand up Paddleboard, standing, 40-49 strokes/min",High Preference,High Tolerance Match,No Preference
18229,11,Water Activities,"Stand up Paddleboard, standing, 50-69 strokes/min",High Preference,High Tolerance Match,No Preference
18230,9.8,Water Activities,"Swimming laps, freestyle, fast, vigorous effort",High Preference,High Tolerance Match,No Preference
18240,5.8,Water Activities,"Swimming laps, freestyle, slow, recreational",Moderate Preference,Moderate Tolerance Match,No Preference
18250,9.5,Water Activities,"Swimming, backstroke, training or competition",High Preference,High Tolerance Match,No Preference
18255,4.8,Water Activities,"Swimming, backstroke, recreational",Moderate Preference,Moderate Tolerance Match,No Preference
18260,10.3,Water Activities,"Swimming, breaststroke, general, training or competition",High Preference,High Tolerance Match,No Preference
18265,5.3,Water Activities,"Swimming breaststroke, recreational",Moderate Preference,Moderate Tolerance Match,No Preference
18270,13.8,Water Activities,"Swimming, butterfly, general",High Preference,High Tolerance Match,No Preference
18280,10.5,Water Activities,"Swimming, crawl, fast speed, ~75 yards/minute, vigorous effort",High Preference,High Tolerance Match,No Preference
18285,10.5,Water Activities,"Swimming, open water, 5k",High Preference,High Tolerance Match,No Preference
18290,8,Water Activities,"Swimming, crawl, medium speed, ~50 yards/minute, vigorous effort",High Preference,High Tolerance Match,No Preference
18292,5.8,Water Activities,"Swimming, crawl, slow speed, 30-45 yards/minute, moderate effort",Moderate Preference,Moderate Tolerance Match,No Preference
18294,14.5,Water Activities,"Swimming, crawl, elite swimmers, competition, >90 yards/minute",High Preference,High Tolerance Match,No Preference
18300,6,Water Activities,"Swimming, lake, ocean, river (Taylor Codes 280, 295)",High Preference,High Tolerance Match,No Preference
18310,6,Water Activities,"Swimming, leisurely, not lap swimming, general",High Preference,High Tolerance Match,No Preference
18320,7,Water Activities,"Swimming, sidestroke, general",High Preference,High Tolerance Match,No Preference
18330,8,Water Activities,"Swimming, synchronized",High Preference,High Tolerance Match,No Preference
18340,9.8,Water Activities,"Swimming, treading water, fast, vigorous effort",High Preference,High Tolerance Match,No Preference
19040,9,Winter Activities,"Skating, ice, rapidly, more than 9 mph but not competitive",High Preference,High Tolerance Match,Social
19045,9,Winter Activities,"Skating Treadmill, 6 - 6.9 mph, 2% grade",High Preference,High Tolerance Match,Solo
19046,10,Winter Activities,"Skating Treadmill, 7 - 7.9 mph, 2% grade",High Preference,High Tolerance Match,Solo
19047,10.5,Winter Activities,"Skating Treadmill, 8 - 8.9 mph, 2% grade",High Preference,High Tolerance Match,Solo
19048,11,Winter Activities,"Skating Treadmill, 9 - 9.9 mph, 2% grade",High Preference,High Tolerance Match,Solo
19050,13.8,Winter Activities,"Skating, speed, competitive",High Preference,High Tolerance Match,Social
19190,5.3,Winter Activities,"Snow shoeing, moderate effort",Moderate Preference,Moderate Tolerance Match,No Preference
19192,10,Winter Activities,"Snow shoeing, vigorous effort",High Preference,High Tolerance Match,No Preference
19200,3.8,Winter Activities,"Snowmobiling, driving, moderate pace, flat land",Moderate Preference,Moderate Tolerance Match,No Preference
19201,7.5,Winter Activities,"Snowboarding, recreational, moderate pace, mountain",High Preference,High Tolerance Match,No Preference
19202,2,Winter Activities,"Snowmobiling, passenger, light",Low Preference,Low Tolerance Match,No Preference
19252,5.3,Winter Activities,"Snow shoveling, by hand, moderate effort",Moderate Preference,Moderate Tolerance Match,Solo
19254,7.5,Winter Activities,"Snow shoveling, by hand, vigorous effort",High Preference,High Tolerance Match,Solo
19260,2.5,Winter Activities,"Snow blower, walking and pushing",Low Preference,Low Tolerance Match,No Preference
19300,12.5,Winter Activities,"Skiing, roller, elite racers",High Preference,High Tolerance Match,No Preference
19305,5.5,Winter Activities,"Rollerskiing, 10 - 12.9 km/h, no incline",Moderate Preference,Moderate Tolerance Match,No Preference
19310,6.8,Winter Activities,"Rollerskiing, 13 - 16.9 km/h, no incline",High Preference,High Tolerance Match,No Preference
19315,8.3,Winter Activities,"Rollerskiing, 17 - 19.9 km/h, no incline",High Preference,High Tolerance Match,No Preference
19320,10.5,Winter Activities,"Rollerskiing, 20 - 23.9 km/h, no incline",High Preference,High Tolerance Match,No Preference
19325,15,Winter Activities,"Rollerskiing, 24 - 27.9 km/h, no incline",High Preference,High Tolerance Match,No Preference
19330,12.5,Winter Activities,"Rollerskiing, 10-15 km/h, 2-5 degree incline",High Preference,High Tolerance Match,No Preference
19335,14.3,Winter Activities,"Rollerskiing, 16-22 km/h, 2-5 degree incline",High Preference,High Tolerance Match,No Preference
19340,12.3,Winter Activities,"Rollerskiing, 6-9 km/h, 6-10 degree incline",High Preference,High Tolerance Match,No Preference
19345,16,Winter Activities,"Rollerskiing, >10 km/h, 6-10 degree incline",High Preference,High Tolerance Match,No Preference
19400,9,Winter Activities,"Mountaineering, downhill climbing, walking down with rope",High Preference,High Tolerance Match,No Preference
19405,10.3,Winter Activities,"Mountaineering, downhill climbing/cross-country skiing",High Preference,High Tolerance Match,No Preference
20000,1,Religious Activities,"Sitting in church, in service, attending a ceremony, sitting quietly",Low Preference,Low Tolerance Match,Solo
20001,2,Religious Activities,"Sitting, playing an instrument at church",Low Preference,Low Tolerance Match,No Preference
20005,1.8,Religious Activities,"Sitting in church, talking or singing, attending a ceremony, sitting, active participation",Low Preference,Low Tolerance Match,No Preference
21065,4.5,Volunteer Activities,"Walking, 3.5 mph, briskly and carrying objects less than 25 pounds",Moderate Preference,Moderate Tolerance Match,No Preference
21070,3,Volunteer Activities,"Walk/stand combination, for volunteer purposes",Moderate Preference,Moderate Tolerance Match,No Preference
22040,1.3,Video Games,"Seated, video game, handheld controller (inactive)",Low Preference,Low Tolerance Match,Solo
22120,1.5,Video Games,"Video game, handheld controller (light effort)",Low Preference,Low Tolerance Match,Solo